<?xml version="1.0" encoding="UTF-8"?>
<project-private xmlns="http://www.netbeans.org/ns/project-private/1">
    <open-files xmlns="http://www.netbeans.org/ns/projectui-open-files/2">
        <group>
            <file>file:/C:/Users/Peggy%20Fisher/Documents/NetBeansProjects/Contacts/src/contacts_final/Contacts.java</file>
            <file>file:/C:/Users/Peggy%20Fisher/Documents/NetBeansProjects/Contacts/src/contacts_final/ContactUI.java</file>
        </group>
    </open-files>
</project-private>
